{
  "IcoMoonType": "selection",
  "icons": [
    {
      "icon": {
        "paths": [
          "M891.802 312.781c13.926-13.722 36.301-13.722 50.125 0s13.875 35.891 0 49.613l-404.89 400.896c-13.824 13.722-36.198 13.722-50.125 0l-404.89-400.896c-13.824-13.722-13.824-35.891 0-49.613 13.875-13.722 36.301-13.722 50.125 0l379.853 365.619 379.802-365.619z"
        ],
        "attrs": [],
        "isMulticolor": false,
        "isMulticolor2": false,
        "tags": [
          "chevron-thin-down"
        ],
        "grid": 20
      },
      "attrs": [],
      "properties": {
        "id": 0,
        "order": 34,
        "prevSize": 20,
        "name": "chevron-thin-down"
      },
      "setIdx": 0,
      "setId": 3,
      "iconIdx": 0
    },
    {
      "icon": {
        "paths": [
          "M678.4 512l-365.619-379.904c-13.722-13.824-13.722-36.198 0-50.125 13.722-13.824 35.891-13.824 49.613 0l400.896 404.89c13.722 13.875 13.722 36.301 0 50.125l-400.896 404.89c-13.722 13.875-35.891 13.824-49.613 0-13.722-13.773-13.722-36.198 0-50.125l365.619-379.75z"
        ],
        "attrs": [],
        "isMulticolor": false,
        "isMulticolor2": false,
        "tags": [
          "chevron-thin-right"
        ],
        "grid": 20
      },
      "attrs": [],
      "properties": {
        "id": 1,
        "order": 33,
        "prevSize": 20,
        "name": "chevron-thin-right"
      },
      "setIdx": 0,
      "setId": 3,
      "iconIdx": 1
    },
    {
      "icon": {
        "paths": [
          "M870.4 153.6h-51.2v102.4h-153.6v-102.4h-307.2v102.4h-153.6v-102.4h-51.2c-56.371 0-102.4 46.080-102.4 102.4v614.4c0 56.32 46.029 102.4 102.4 102.4h716.8c56.32 0 102.4-46.080 102.4-102.4v-614.4c0-56.32-46.080-102.4-102.4-102.4zM870.4 870.4h-716.8v-409.6h716.8v409.6zM332.8 51.2h-102.4v179.2h102.4v-179.2zM793.6 51.2h-102.4v179.2h102.4v-179.2z"
        ],
        "attrs": [],
        "isMulticolor": false,
        "isMulticolor2": false,
        "tags": [
          "calendar"
        ],
        "grid": 20
      },
      "attrs": [],
      "properties": {
        "id": 2,
        "order": 16,
        "prevSize": 20,
        "name": "calendar"
      },
      "setIdx": 0,
      "setId": 3,
      "iconIdx": 2
    },
    {
      "icon": {
        "paths": [
          "M942.336 245.709c-5.683-22.528-33.536-40.909-61.952-40.909h-348.877c-28.365 0-68.096-16.282-88.166-36.198l-30.515-30.106c-20.070-19.917-59.75-36.096-88.115-36.096h-166.656c-28.416 0-54.221 22.886-57.344 50.893l-14.95 153.907h866.867l-10.291-61.491zM993.894 358.4h-963.789c-17.51 0-31.232 15.053-29.542 32.512l47.258 495.053c1.894 20.173 18.893 35.635 39.219 35.635h849.92c20.326 0 37.274-15.462 39.219-35.635l47.258-495.053c1.69-17.459-12.032-32.512-29.542-32.512z"
        ],
        "attrs": [],
        "isMulticolor": false,
        "isMulticolor2": false,
        "tags": [
          "folder"
        ],
        "grid": 20
      },
      "attrs": [],
      "properties": {
        "id": 3,
        "order": 23,
        "prevSize": 20,
        "name": "folder"
      },
      "setIdx": 0,
      "setId": 3,
      "iconIdx": 3
    },
    {
      "icon": {
        "paths": [
          "M574.925 574.925c-81.050 80.998-174.95 158.515-212.070 121.395-53.094-53.094-85.862-99.379-203.008-5.222-117.094 94.106-27.136 156.877 24.32 208.282 59.392 59.392 280.781 3.174 499.61-215.603 218.778-218.829 274.842-440.218 215.398-499.61-51.456-51.507-113.92-141.414-208.026-24.32-94.157 117.094-47.923 149.862 5.274 203.008 36.966 37.12-40.499 131.021-121.498 212.070z"
        ],
        "attrs": [],
        "isMulticolor": false,
        "isMulticolor2": false,
        "tags": [
          "phone"
        ],
        "grid": 20
      },
      "attrs": [],
      "properties": {
        "id": 4,
        "order": 22,
        "prevSize": 20,
        "name": "phone"
      },
      "setIdx": 0,
      "setId": 3,
      "iconIdx": 4
    },
    {
      "icon": {
        "paths": [
          "M962.56 410.726h-328.346l-122.214-344.166-122.317 344.166h-328.294l267.878 202.086-95.795 354.765 278.528-212.685 278.426 212.685-95.693-354.765 267.827-202.086zM512 654.49l-154.317 128 63.642-182.374-145.971-117.76 180.326 5.171 56.32-206.848 56.269 206.848 180.275-5.171-145.971 117.76 63.642 182.374-154.214-128z"
        ],
        "attrs": [],
        "isMulticolor": false,
        "isMulticolor2": false,
        "tags": [
          "star-outlined"
        ],
        "grid": 20
      },
      "attrs": [],
      "properties": {
        "id": 5,
        "order": 26,
        "prevSize": 20,
        "name": "star-outlined"
      },
      "setIdx": 0,
      "setId": 3,
      "iconIdx": 5
    },
    {
      "icon": {
        "paths": [
          "M512 66.56l122.266 344.166h328.294l-267.878 202.138 95.795 354.714-278.477-212.685-278.426 212.685 95.744-354.714-267.93-202.138h328.294l122.317-344.166z"
        ],
        "attrs": [],
        "isMulticolor": false,
        "isMulticolor2": false,
        "tags": [
          "star"
        ],
        "grid": 20
      },
      "attrs": [],
      "properties": {
        "id": 6,
        "order": 25,
        "prevSize": 20,
        "name": "star"
      },
      "setIdx": 0,
      "setId": 3,
      "iconIdx": 6
    },
    {
      "icon": {
        "paths": [
          "M698.778 376.934c-6.81-18.176 181.197-186.061 71.578-322.099-25.651-31.795-112.691 152.32-236.288 235.674-68.198 45.978-226.867 143.872-226.867 197.99v350.31c0 65.075 251.597 133.99 442.778 133.99 70.093 0 171.622-439.091 171.622-508.826 0-70.042-216.115-68.813-222.822-87.040zM256 381.798c-33.69 0-153.6 20.48-153.6 159.898v248.218c0 139.315 119.91 154.675 153.6 154.675 33.638 0-51.2-29.286-51.2-115.712v-326.298c0-90.522 84.838-120.781 51.2-120.781z"
        ],
        "attrs": [],
        "isMulticolor": false,
        "isMulticolor2": false,
        "tags": [
          "thumbs-up"
        ],
        "grid": 20
      },
      "attrs": [],
      "properties": {
        "id": 7,
        "order": 21,
        "prevSize": 20,
        "name": "thumbs-up"
      },
      "setIdx": 0,
      "setId": 3,
      "iconIdx": 7
    },
    {
      "icon": {
        "paths": [
          "M818.637 979.405c0-114.995-111.974-173.517-221.030-220.518-108.698-46.797-143.411-86.221-143.411-170.701 0-50.637 33.178-34.15 47.718-127.027 6.144-38.502 35.43-0.614 41.062-88.525 0-35.021-16.026-43.725-16.026-43.725s8.141-51.866 11.315-91.802c3.277-41.83-20.378-131.072-117.811-158.464-16.998-17.459-28.518-45.158 23.91-72.909-114.688-5.325-141.363 54.682-202.445 98.816-51.968 38.707-65.997 99.994-63.488 132.608 3.328 39.936 11.418 91.802 11.418 91.802s-16.077 8.704-16.077 43.725c5.632 87.962 35.021 50.022 41.114 88.525 14.541 92.877 47.77 76.39 47.77 127.027 0 84.48-10.854 113.152-119.603 159.949-109.107 46.95-143.053 122.214-142.49 231.219 0.154 32.614-0.563 44.595-0.563 44.595h819.2c0 0-0.563-11.981-0.563-44.595zM948.634 684.288c-58.112-23.398-82.176-51.302-82.176-105.779 0-32.819 21.402-22.118 30.822-82.074 3.942-24.781 22.886-0.41 26.522-57.088 0-22.579-10.342-28.211-10.342-28.211s5.274-33.587 7.322-59.341c2.56-32.102-18.637-115.046-116.122-115.046-97.434 0-118.682 82.944-116.173 115.046 2.15 25.702 7.373 59.341 7.373 59.341s-10.342 5.581-10.342 28.211c3.635 56.678 22.579 32.307 26.522 57.088 9.421 60.006 30.822 49.306 30.822 82.074 0 54.477-22.426 79.974-92.621 110.182-3.533 1.485-6.144 3.482-9.37 5.222 83.968 36.454 216.371 99.379 247.706 227.686h135.424c0 0 0-97.587 0-118.682 0-51.2-13.978-93.901-75.366-118.63z"
        ],
        "attrs": [],
        "isMulticolor": false,
        "isMulticolor2": false,
        "tags": [
          "users"
        ],
        "grid": 20
      },
      "attrs": [],
      "properties": {
        "id": 8,
        "order": 20,
        "prevSize": 20,
        "name": "users"
      },
      "setIdx": 0,
      "setId": 3,
      "iconIdx": 8
    },
    {
      "icon": {
        "paths": [
          "M870.4 51.2h-716.8c-56.32 0-102.4 46.080-102.4 102.4v716.8c0 56.371 46.080 102.4 102.4 102.4h358.4v-358.4h-102.4v-126.72h102.4v-104.96c0-110.797 62.054-188.621 192.819-188.621l92.314 0.102v133.376h-61.286c-50.893 0-70.246 38.195-70.246 73.626v86.528h131.482l-29.082 126.669h-102.4v358.4h204.8c56.32 0 102.4-46.029 102.4-102.4v-716.8c0-56.32-46.080-102.4-102.4-102.4z"
        ],
        "attrs": [],
        "isMulticolor": false,
        "isMulticolor2": false,
        "tags": [
          "facebook"
        ],
        "grid": 20
      },
      "attrs": [],
      "properties": {
        "id": 9,
        "order": 18,
        "prevSize": 20,
        "name": "facebook"
      },
      "setIdx": 0,
      "setId": 3,
      "iconIdx": 9
    },
    {
      "icon": {
        "paths": [
          "M665.6 512c0 84.838-68.762 153.6-153.6 153.6s-153.6-68.762-153.6-153.6c0-8.755 0.922-17.306 2.509-25.6h-53.709v204.646c0 14.234 11.52 25.754 25.754 25.754h358.144c14.182 0 25.702-11.52 25.702-25.754v-204.646h-53.709c1.587 8.294 2.509 16.845 2.509 25.6zM512 614.4c56.525 0 102.4-45.875 102.4-102.4s-45.875-102.4-102.4-102.4-102.4 45.875-102.4 102.4 45.875 102.4 102.4 102.4zM634.88 404.48h61.389c8.499 0 15.411-6.912 15.411-15.36v-61.389c0-8.499-6.912-15.411-15.411-15.411h-61.389c-8.499 0-15.411 6.912-15.411 15.411v61.389c0.051 8.448 6.963 15.36 15.411 15.36zM512 20.48c-271.462 0-491.52 220.058-491.52 491.52s220.058 491.52 491.52 491.52c271.462 0 491.52-220.058 491.52-491.52s-220.058-491.52-491.52-491.52zM768 711.117c0 31.283-25.6 56.883-56.883 56.883h-398.234c-31.283 0-56.883-25.6-56.883-56.883v-398.234c0-31.283 25.6-56.883 56.883-56.883h398.234c31.283 0 56.883 25.6 56.883 56.883v398.234z"
        ],
        "attrs": [],
        "isMulticolor": false,
        "isMulticolor2": false,
        "tags": [
          "instagram-with-circle"
        ],
        "grid": 20
      },
      "attrs": [],
      "properties": {
        "id": 10,
        "order": 17,
        "prevSize": 20,
        "name": "instagram-with-circle"
      },
      "setIdx": 0,
      "setId": 3,
      "iconIdx": 10
    },
    {
      "icon": {
        "paths": [
          "M886.579 319.795c0.41 8.294 0.563 16.691 0.563 24.986 0 255.488-194.406 549.99-549.888 549.99-109.21 0-210.739-32-296.294-86.886 15.155 1.792 30.515 2.714 46.080 2.714 90.624 0 173.926-30.925 240.026-82.688-84.531-1.587-155.955-57.395-180.531-134.195 11.776 2.202 23.91 3.379 36.352 3.379 17.664 0 34.765-2.304 50.944-6.707-88.422-17.818-155.034-95.898-155.034-189.594 0-0.819 0-1.587 0-2.406 26.061 14.49 55.91 23.194 87.552 24.218-51.866-34.714-86.016-93.798-86.016-160.922 0-35.379 9.523-68.608 26.214-97.178 95.283 116.992 237.773 193.894 398.387 201.984-3.277-14.182-4.966-28.877-4.966-44.083 0-106.701 86.477-193.178 193.229-193.178 55.603 0 105.83 23.398 141.107 60.979 43.981-8.704 85.35-24.781 122.726-46.899-14.438 45.107-45.107 82.995-84.992 106.906 39.117-4.71 76.288-15.002 111.002-30.413-25.907 38.81-58.675 72.806-96.461 99.994z"
        ],
        "attrs": [],
        "isMulticolor": false,
        "isMulticolor2": false,
        "tags": [
          "twitter"
        ],
        "grid": 20
      },
      "attrs": [],
      "properties": {
        "id": 11,
        "order": 19,
        "prevSize": 20,
        "name": "twitter"
      },
      "setIdx": 0,
      "setId": 3,
      "iconIdx": 11
    },
    {
      "icon": {
        "paths": [
          "M132.198 711.219c-13.926 13.722-36.301 13.722-50.125 0s-13.875-35.891 0-49.613l404.89-400.896c13.824-13.722 36.198-13.722 50.125 0l404.89 400.896c13.824 13.722 13.824 35.891 0 49.613-13.875 13.722-36.301 13.722-50.074 0l-379.904-365.619-379.802 365.619z"
        ],
        "attrs": [],
        "isMulticolor": false,
        "isMulticolor2": false,
        "tags": [
          "chevron-thin-up"
        ],
        "grid": 20
      },
      "attrs": [],
      "properties": {
        "id": 44,
        "order": 30,
        "prevSize": 20,
        "name": "chevron-thin-up"
      },
      "setIdx": 1,
      "setId": 2,
      "iconIdx": 43
    },
    {
      "icon": {
        "paths": [
          "M734.618 760.269c-24.013 24.013-62.925 24.013-86.886 0l-135.731-155.136-135.731 155.085c-24.013 24.013-62.925 24.013-86.886 0-24.013-24.013-24.013-62.925 0-86.886l141.21-161.28-141.261-161.382c-24.013-24.013-24.013-62.874 0-86.886s62.874-24.013 86.886 0l135.782 155.187 135.731-155.187c24.013-24.013 62.874-24.013 86.886 0s24.013 62.925 0 86.886l-141.21 161.382 141.21 161.28c24.013 24.013 24.013 62.925 0 86.938z"
        ],
        "attrs": [],
        "isMulticolor": false,
        "isMulticolor2": false,
        "tags": [
          "cross"
        ],
        "grid": 20
      },
      "attrs": [],
      "properties": {
        "id": 142,
        "order": 31,
        "prevSize": 20,
        "name": "cross"
      },
      "setIdx": 1,
      "setId": 2,
      "iconIdx": 141
    },
    {
      "icon": {
        "paths": [
          "M839.68 460.8h-655.36c-28.262 0-30.72 22.886-30.72 51.2s2.458 51.2 30.72 51.2h655.36c28.262 0 30.72-22.886 30.72-51.2s-2.458-51.2-30.72-51.2zM839.68 665.6h-655.36c-28.262 0-30.72 22.886-30.72 51.2s2.458 51.2 30.72 51.2h655.36c28.262 0 30.72-22.886 30.72-51.2s-2.458-51.2-30.72-51.2zM184.32 358.4h655.36c28.262 0 30.72-22.886 30.72-51.2s-2.458-51.2-30.72-51.2h-655.36c-28.262 0-30.72 22.886-30.72 51.2s2.458 51.2 30.72 51.2z"
        ],
        "attrs": [],
        "isMulticolor": false,
        "isMulticolor2": false,
        "tags": [
          "menu"
        ],
        "grid": 20
      },
      "attrs": [],
      "properties": {
        "id": 225,
        "order": 32,
        "prevSize": 20,
        "name": "menu"
      },
      "setIdx": 1,
      "setId": 2,
      "iconIdx": 224
    }
  ],
  "height": 1024,
  "preferences": {
    "showGlyphs": true,
    "showQuickUse": true,
    "showQuickUse2": true,
    "showSVGs": true,
    "fontPref": {
      "prefix": "icon-",
      "metadata": {
        "fontFamily": "icomoon"
      },
      "metrics": {
        "emSize": 1024,
        "baseline": 6.25,
        "whitespace": 50
      },
      "embed": false
    },
    "imagePref": {
      "prefix": "icon-",
      "png": false,
      "useClassSelector": true,
      "color": 0,
      "bgColor": 16777215,
      "classSelector": ".icon",
      "name": "icomoon",
      "height": 32,
      "columns": 16,
      "margin": 16
    },
    "historySize": 50,
    "showCodes": true,
    "gridSize": 16
  }
}